episode,reward,loss,epsilon,distance_to_target,steps,vertical_distance,horizontal_distance
1,-80.47052059502577,0.019674971766904265,0.999,3.0529058116232486,499,2.9040451375807512,2.0160846798331846
2,-101.35860601658572,0.026112391130031946,0.998001,1.7072144288577145,499,1.9331850445896093,3.242667540616843
3,-21.678491744980157,0.03768780997464644,0.997002999,1.096907216494846,97,2.896541161359521,2.8521221851706287
4,-97.5335025338448,0.03946369204237191,0.996005996001,3.9585170340681457,499,8.228935604437103,1.2797128731262788
5,-31.429918900453455,0.03426178845557126,0.995009990004999,1.5029787234042549,235,-5.646163453653702,1.7363005535334324
6,-56.336420240511,0.03053745462473006,0.994014980014994,3.092511013215859,227,-0.6489434122390403,2.3360070906654187
7,-9.699335311894398,0.053058347589260826,0.993020965034979,0.5684684684684687,111,-1.0631638779384458,2.13330406087443
8,-73.25284769841195,0.03697379432204697,0.9920279440699441,1.5555555555555578,360,3.41834957496659,2.9710062045790693
9,-61.79941612043342,0.03627864346235903,0.9910359161258742,1.2346041055718466,341,-2.0876555489773763,2.5586213920757643
10,-49.30244063226684,0.024761259231135386,0.9900448802097482,6.042201834862384,218,10.030549326936956,1.9999402025318105
11,-61.9538705044289,0.02772665328583223,0.9890548353295385,2.7278557114228486,499,-1.3162783972274918,2.4384272820790827
12,-116.54315558520643,0.0238563568127866,0.988065780494209,3.1519038076152275,499,2.1186765958775626,2.829693897274808
13,-63.42003127291839,0.021229264012342968,0.9870777147137147,1.657441860465115,430,-0.927883440603674,2.29522727369816
14,-27.76311362058762,0.02182862214090315,0.986090636999001,0.8490066225165562,151,4.626133099878409,3.2080920482179636
15,-27.51827071565032,0.0189541875143294,0.9851045463620021,5.426666666666669,135,10.101754610145395,1.5014775645293525
16,-44.10620735282641,0.0212602344553422,0.98411944181564,1.1274678111588,233,2.6251798411984306,2.919550027157797
17,-114.93312244040831,0.019144948293830087,0.9831353223738244,2.506613226452915,499,5.1125909101562375,4.018275575216464
18,-76.43288848411633,0.017269158671481277,0.9821521870514506,1.3805611222444916,499,2.0572471567562394,2.110109320714024
19,-70.11759099838191,0.016783968517933956,0.9811700348643991,2.215576323987536,321,5.155974769861308,1.9630778103580084
20,-94.01318066768053,0.01576702337607532,0.9801888648295347,4.286973947895803,499,-4.388277913056479,3.5973848480619637
21,-84.77793379727356,0.013976400718092918,0.9792086759647052,3.880561122244491,499,-6.774955485060634,2.2790694430126806
22,-86.22932438116358,0.013653078153865399,0.9782294672887405,2.3479318734793204,411,7.409035484955568,2.83476305445307
23,-95.92987014755039,0.01360823153116869,0.9772512378214517,1.3326653306613239,499,-3.799907530034554,5.027327151145563
24,-113.94573172394227,0.012828119793751588,0.9762739865836303,2.214583333333333,480,1.8972875341593092,2.9518468803541538
25,-29.832901558032233,0.01398588246665895,0.9752977125970467,1.438124999999999,160,2.394414695469217,3.0014990692966776
26,-57.962053549104,0.013259957163600646,0.9743224148844496,1.3466809421841521,467,2.8908332696791956,2.045234340454037
27,-104.01976772403589,0.01280211431360645,0.9733480924695651,2.5190380761523024,499,6.789303092201386,3.0043527627180566
28,-98.66616047221748,0.012703064560352681,0.9723747443770956,0.6819639278557111,499,2.2488365090265625,3.113804803259427
29,-34.03424331948007,0.012497675715834945,0.9714023696327185,2.1832167832167846,143,3.530956225542748,2.7527087489290807
30,-105.93472673948509,0.012180896989165064,0.9704309672630859,2.3474949899799586,499,-0.8399303017045123,3.1324053746860585
31,-106.91225072401888,0.012445128778507094,0.9694605362958227,3.1677354709418863,499,7.557356730810291,3.719972786081051
32,-31.49603600098398,0.01116530790638465,0.9684910757595269,1.5365384615384616,208,2.7972655108338484,1.9493182818009984
33,-109.59839878834855,0.011761387908856185,0.9675225846837673,4.763839285714288,448,5.455453048612112,4.617306958518746
34,-108.57692074460242,0.011793463717668293,0.9665550620990835,1.5941883767535086,499,0.0784690432708186,3.5104585925718723
35,-107.39819753913991,0.010957984600910443,0.9655885070369844,4.018036072144307,499,-5.581398080513256,2.752556264839896
36,-24.737399210110887,0.01047008643828092,0.9646229185299474,1.55483870967742,124,3.7612379173468335,3.2794301413071167
37,-80.03239772719397,0.011549237798852495,0.9636582956114175,4.003274559193959,397,-8.925235884811071,4.908819681567984
38,-102.55015404726595,0.012071804119225494,0.9626946373158061,1.6452905811623266,499,-0.34919512045914525,2.786112548020604
39,-64.97827072818176,0.011411700699855351,0.9617319426784903,3.316369047619048,336,8.334207039418772,1.2179599326740842
40,-59.33365474347212,0.010336149834213895,0.9607702107358118,4.199099099099099,222,4.3350311788505,2.9367178048404483
41,-8.956063451197476,0.014147763180991878,0.959809440525076,1.2739130434782608,46,3.095256339937659,2.9387510369791485
42,-34.092656141283484,0.012504346727664713,0.9588496310845509,1.2767932489451472,237,4.101027182886342,1.9947211957388475
43,-46.69074229579184,0.011191450507652497,0.9578907814534664,0.5693877551020404,294,0.5130910840671148,2.826858761759105
44,-118.83302387892459,0.012466797904710553,0.9569328906720129,2.4162324649298665,499,-2.7602110110752447,3.107952573957654
45,-51.507553196860094,0.012886607899010527,0.9559759577813409,1.5961389961389976,259,0.7639933874403382,3.2686532419834506
46,-31.446408309451954,0.012405036493664843,0.9550199818235596,2.3425287356321864,174,5.1886422901296765,1.8322635970539238
47,-40.468687888871706,0.011794920189439747,0.9540649618417361,1.1485232067510553,237,-0.1548065853338061,4.6169488959972895
48,-12.479500542674185,0.012192156192600384,0.9531108968798944,2.5655172413793097,87,-4.439199371748871,2.2697281142047814
49,-86.19551890943757,0.012537680897968922,0.9521577859830145,0.8928057553956836,417,0.7342162977483966,3.139333072475729
50,-39.951291807169476,0.012190223380201188,0.9512056281970315,0.6881057268722472,227,-0.1908117667763043,2.373691642555144
51,-108.7780647395542,0.012582812382250416,0.9502544225688344,2.575918367346937,490,6.051864871296849,2.0667617930078706
52,-38.36175550027569,0.012596553073615416,0.9493041681462656,0.845779220779221,308,-1.659496847965972,1.7115301412944675
53,-114.96423997018931,0.012114520391863668,0.9483548639781193,4.455911823647301,499,8.024927117908776,3.7190630314337483
54,-28.40446305027778,0.013491985059526061,0.9474065091141411,1.0644859813084104,214,2.17353848360799,3.3101649919084153
55,-110.6289508434052,0.012657124255195946,0.946459102605027,1.5444889779559121,499,1.120301383435001,3.543371673565815
56,-38.36717035809091,0.012097568933988053,0.9455126435024219,4.262921348314607,178,6.161109424322966,2.0690531556838536
57,-89.5131545119786,0.012021346500177004,0.9445671308589195,2.127254509018038,499,5.574155847315483,2.2239435904057956
58,-90.76704842861238,0.012833042038541161,0.9436225637280606,1.318236472945891,499,-0.31257168400063984,3.626130217920405
59,-94.19603774599142,0.013133311263312608,0.9426789411643326,5.512401055408973,379,9.145458533127035,4.135696449277511
60,-24.245716557644737,0.012293277017306536,0.9417362622231683,1.6794117647058835,136,-2.047503895065209,2.7113099778123413
61,-114.58250054305094,0.012691256793421077,0.9407945259609451,6.29915254237287,472,9.62003818471771,2.9825656883280516
62,-57.1340132247866,0.013574005792553655,0.9398537314349842,5.041975308641977,243,9.516236698180693,3.7536203219168556
63,-50.81618204551067,0.013221920987843234,0.9389138777035492,1.1263157894736848,266,3.3177264368971326,2.9098421903831024
64,-104.67922933971356,0.01375147894677423,0.9379749638258457,2.517401392111373,431,5.298286862529264,2.866104282162361
65,-63.85168597463811,0.013621197812804003,0.9370369888620198,2.8758893280632383,253,4.058876576868384,3.005711254192221
66,-74.99921391704008,0.013676553396920572,0.9360999518731578,2.369230769230769,429,4.46289696169527,1.6868058083011164
67,-17.721564341624685,0.013363750089804843,0.9351638519212846,1.4587628865979378,97,-2.352931925626175,2.6048433624704472
68,-92.01291202222312,0.013279507979799779,0.9342286880693633,4.24749340369393,379,6.487805056325749,2.314647645137633
69,-89.81975389466558,0.012981080092706218,0.933294459381294,1.108216432865731,499,-1.3825816045056563,2.348763692883935
70,-105.53704997583701,0.013149107072898047,0.9323611649219127,2.028857715430868,499,2.3129181717469462,3.304351150647456
71,-66.19800533244972,0.013542462072176178,0.9314288037569908,1.26981707317073,328,-1.9445452898930835,2.4521714668889913
72,-84.64097147858826,0.012285571976574329,0.9304973749532338,4.753061224489799,392,9.992696227954793,1.1596449196425027
73,-79.00473620866008,0.013947064502943288,0.9295668775782806,2.7185185185185197,378,7.13105041727669,4.617187377512138
74,-81.44011755077483,0.013966145644240861,0.9286373107007023,3.9009732360097416,411,-2.504247479749577,3.5676127481370017
75,-121.98426604055354,0.014251449077253888,0.9277086733900016,3.674148296593185,499,6.295771483568371,3.6335851651679647
76,-103.24697139036472,0.013540441713436492,0.9267809647166116,3.459956236323854,457,9.847340994596449,2.32502614539235
77,-93.72199917466276,0.01440763518303812,0.925854183751895,2.9026052104208446,499,-2.797890888591193,3.171407019545427
78,-73.24703884184166,0.012736660042040984,0.9249283295681431,4.168488745980713,311,9.689046331850511,3.4955404576273494
79,-108.68318893087947,0.01376326140464248,0.9240034012385749,1.151102204408817,499,-1.2362342804849513,4.141012096535569
80,-113.42588293556057,0.0132655911100935,0.9230793978373364,1.8248496993987988,499,0.6015370547440337,4.003400050034983
81,-111.06026087950903,0.014086807980006168,0.9221563184394991,1.622244488977958,499,4.272138662570185,3.1553228562331483
82,-57.79383196265557,0.013524380401222117,0.9212341621210596,2.0541832669322724,251,4.670366842143901,3.1313386987732628
83,-48.38027227335599,0.013905580935263357,0.9203129279589385,2.37767441860465,215,5.014051282205692,2.624878406871332
84,-117.7478239689719,0.014114629647102887,0.9193926150309796,2.899398797595187,499,2.8609728636135103,3.229339893084351
85,-101.87854074365357,0.012836011716897458,0.9184732224159486,2.1278911564625833,441,6.3541439644745745,2.1055455498280224
86,-53.26658826868672,0.014846144772202866,0.9175547491935327,2.5024390243902457,246,4.663008505595588,3.38927137682618
87,-42.889927361345364,0.012717659101215513,0.9166371944443392,1.9912663755458522,229,2.5449098843025864,2.041866717890926
88,-38.54219338080618,0.01349966366517734,0.9157205572498949,2.057872340425533,235,2.9927591513474097,1.842530478634231
89,-54.278611205565106,0.013088547343269308,0.914804836692645,2.5310638297872363,235,4.838337960409202,3.567489129501496
90,-52.13765609005351,0.013000353267870662,0.9138900318559524,3.530487804878048,246,6.9665644173018375,3.202007341310214
91,-91.59194296531699,0.013464272202352781,0.9129761418240965,2.383366733466928,499,0.5125182472928493,3.0321132826044206
92,-68.62429552872032,0.013327471256927877,0.9120631656822724,4.4452459016393435,305,10.119753499494502,1.9612086029289486
93,-62.40003508276551,0.013700614842745635,0.9111511025165902,3.3354354354354356,333,-6.919639532468068,2.2561788039126185
94,-15.003702877897574,0.013361410117509324,0.9102399514140735,0.8853932584269656,89,-0.9642497163269992,2.495512276107455
95,-62.203898847021826,0.014081983694459422,0.9093297114626595,3.7722033898305116,295,9.734199555925727,3.0535044011320025
96,-44.316225987534615,0.013284247988863414,0.9084203817511969,0.8015267175572519,262,-0.20027257353539119,2.740705995447726
97,-77.81490647744819,0.013228170743882234,0.9075119613694457,3.7433427762039706,353,6.514346975157892,2.02096971327844
98,-17.460652844206244,0.014492241697063526,0.9066044494080763,0.36153846153846125,104,0.6570902972734367,2.744695808546709
99,-70.91622225714188,0.013823237362113305,0.9056978449586682,2.0592682926829253,410,10.29186279496332,1.6780993484379607
100,-44.560215831197915,0.014182170984720943,0.9047921471137096,4.230303030303031,198,9.67154293150459,3.533809600051015
101,-56.206703144498675,0.014523774220466319,0.9038873549665959,4.72251655629139,302,10.051922483193426,1.4265928386766191
102,-21.518787719110396,0.01637162778128698,0.9029834676116293,0.9572815533980588,103,1.0183901004372835,2.5861257817218046
103,-18.12797639163831,0.014650665197728409,0.9020804841440176,4.261111111111113,108,-10.195876686178332,1.8378187686046275
104,-78.60883112581833,0.014041097335450217,0.9011784036598737,1.1821643286573162,499,3.629592949566632,2.524676366624668
105,-98.30944626042009,0.014175040666984473,0.9002772252562138,1.2362725450901806,499,2.2988074608452447,3.0699818561293597
106,-48.11343641940156,0.014305788044584915,0.8993769480309576,1.7717500000000002,400,2.5681900893168597,1.6504282140070075
107,-88.88305880230813,0.01444404220378263,0.8984775710829266,2.665467625899283,417,10.20691044530772,1.5170856829340522
108,-5.264017945440194,0.011261099747692545,0.8975790935118436,1.9166666666666667,30,-4.489266150899593,2.032741756632241
109,-101.17215144550107,0.014354970298692555,0.8966815144183318,1.084168336673349,499,-1.8199356972960485,3.3926256259073355
110,-52.26943928009756,0.014446299178135722,0.8957848329039134,1.6316753926701553,382,2.503019079693075,1.6119986085656564
111,-19.12124059038957,0.013908822224625656,0.8948890480710096,1.1731182795698925,93,-0.833669830532477,2.225550200686186
112,-19.60608417106735,0.01564332198194531,0.8939941590229386,1.2295180722891543,166,2.8682656167975056,1.8990570449625253
113,-82.08525497380535,0.014366378389359986,0.8931001648639156,0.799765807962528,427,-1.6120542953608084,4.61703194047152
114,-101.59744623725261,0.014365919413071178,0.8922070646990518,1.5661322645290572,499,-3.1955604848693944,6.440411569936906
115,-98.24388386750041,0.014513649516748283,0.8913148576343527,3.201803607214426,499,5.479572645357873,3.164447349657067
116,-81.37375393239078,0.015014885358907508,0.8904235427767183,4.1036363636363635,330,9.55426521453916,3.087107778852058
117,-26.52994761850767,0.014762708383637505,0.8895331192339416,0.5091891891891893,185,-1.2718766668424992,2.2796125513355463
118,-14.458341909718364,0.015830013934256777,0.8886435861147077,0.5761904761904764,84,-0.1674645853082395,2.3791432873145055
119,-42.441323154192304,0.014374511048503935,0.887754942528593,2.3196347031963462,219,0.6958460455297377,2.601773877721044
120,-115.98498509055223,0.014080842574293127,0.8868671875860644,5.825450901803601,499,8.194529303234967,1.6134567583056523
121,-18.80535332156837,0.014858195914777819,0.8859803203984784,2.6216216216216215,111,9.39082668498216,3.3846057817474318
122,-26.059907264092562,0.014489530131333705,0.88509434007808,1.0272727272727267,165,-1.5098726787188008,2.325050745119306
123,-33.04060921401565,0.014905233934790972,0.8842092457380019,4.4144578313253,166,9.414841261023287,3.424369890981005
124,-115.8446620641453,0.01533847845594337,0.8833250364922639,5.4561122244488995,499,7.700259421059469,2.4672904156733466
125,-108.17444386905919,0.01474570773564324,0.8824417114557717,3.140280561122242,499,6.23051595418709,2.2394753541566246
126,-126.05770013754656,0.014585524808637843,0.8815592697443159,4.046893787575147,499,6.1181573299583505,2.9216158855854886
127,-111.30463174471501,0.014764567001945214,0.8806777104745716,2.251417004048578,494,5.916142035973202,1.9265106601099404
128,-85.14730352769416,0.013734744435691454,0.8797970327640969,2.672340425531917,329,5.307861902487109,3.4654082341258956
129,-81.56728057780911,0.015360390911386771,0.8789172357313328,4.631688311688319,385,10.320039966351347,0.7990515525543174
130,-101.22299784375002,0.014180691768125983,0.8780383184956015,1.9609218436873772,499,5.524717032591655,2.023727355082883
131,-105.85398926028967,0.013593529144206081,0.8771602801771059,3.2914163090128783,466,10.150896030696961,1.865094143603386
132,-107.3147864268318,0.013901911350247079,0.8762831198969288,2.524649298597192,499,4.630305754630905,2.492598373754383
133,-72.83203456993162,0.01489314977106392,0.8754068367770318,4.259195402298844,348,10.017532116639872,0.9611281222975805
134,-39.21964688183286,0.013723778868077604,0.8745314299402548,0.7482300884955759,226,0.22333660627332863,2.116611731083445
135,-113.42228885452774,0.014214093836102792,0.8736568985103146,2.724248496993991,499,4.010482205557283,3.5444307585687795
136,-110.52512343915569,0.014831203086480711,0.8727832416118043,2.189979550102249,489,10.028219993510415,2.629597560087177
137,-117.32074493985634,0.014686813804774521,0.8719104583701925,2.8777555110220434,499,6.214077094069831,2.700256572874146
138,-25.21977844639265,0.014773428069373358,0.8710385479118223,3.097087378640776,103,4.804808044648311,3.3456059319028952
139,-76.04894198784316,0.014323766492164273,0.8701675093639105,3.8918158567774936,391,7.869768426300935,1.3285542506998667
140,-46.14252302310276,0.015448308745563953,0.8692973418545467,0.7455752212389387,226,1.7572346060289874,3.167064738648783
141,-50.71674100372079,0.013474829468594969,0.8684280445126921,2.514150943396228,212,4.958237704456263,3.2371312299717303
142,-25.415894912892,0.013347358113949324,0.8675596164681794,1.3006993006993,143,-2.499082043122618,2.7993615787507977
143,-37.29197562501921,0.01372319107473481,0.8666920568517111,3.5477124183006534,153,4.661631745752711,3.055275453050747
144,-59.14539379657969,0.014577376018571961,0.8658253647948594,1.558333333333332,444,2.219088787413984,0.7962981800776205
145,-36.066391325273955,0.014969685253627758,0.8649595394300645,2.6382978723404253,188,9.876341707414799,2.5093630930123965
146,-12.480785256047604,0.015361696298976865,0.8640945798906344,0.6721518987341768,79,1.6342885839918253,3.0427098048043177
147,-64.00837372483859,0.014760280382481035,0.8632304853107438,1.3177718832891272,377,2.8121408565783623,1.7906630467581408
148,-52.85889472302544,0.015648487515985528,0.862367254825433,2.0565110565110536,407,2.57445958881803,0.3853084093395509
149,-49.92904789248915,0.015399238089513448,0.8615048875706075,1.3544444444444432,270,4.317376193319226,2.309194114944418
150,-18.214875310652218,0.013190659844890387,0.8606433826830369,0.2838383838383838,99,-1.8505908359282222,2.3316645583034585
151,-39.35296275699559,0.013668581583783373,0.8597827393003539,1.2850574712643679,174,2.7297029285766103,2.983357079635482
152,-92.86850296200504,0.014481386910558636,0.8589229565610536,4.895934959349594,369,9.220626143329206,3.92162777006218
153,-82.42005992819382,0.01500954315671044,0.8580640336044925,1.0883767535070148,499,-0.8545443187504382,3.201892464002441
154,-56.30667493290004,0.015241047907491319,0.857205969570888,3.1694444444444434,288,6.24471502166322,1.9474882777256184
155,-60.972725746883064,0.01486818912458055,0.8563487636013172,2.4057823129251714,294,5.474937881440238,1.9526618938286546
156,-58.857403896953684,0.014659140838728267,0.8554924148377159,4.430204081632656,245,9.358725352819823,3.6151845433849843
157,-36.14765440087671,0.01417577532454502,0.8546369224228781,1.6906077348066286,181,4.900230472528408,3.070417275226788
158,-52.631074138552904,0.014728992229158229,0.8537822855004553,3.2009090909090907,220,5.707228545753567,2.942383889001519
159,-29.024488737497222,0.01539319321017694,0.8529285032149548,0.7551724137931032,203,1.4051034212463525,3.127212268592956
160,-60.52572962678966,0.015446064875831302,0.8520755747117399,1.085897435897435,312,1.7637633428918416,3.2745172854232862
161,-67.70199079748619,0.01567719683265062,0.8512234991370281,4.488513513513506,296,9.420045182940738,4.204696039980973
162,-101.503174037687,0.01635619172479263,0.8503722756378911,1.0208416833667318,499,-1.0017956171185158,3.7707284272308783
163,-96.90733773746513,0.014410631189902942,0.8495219033622532,1.203006012024046,499,2.3868981207826545,3.0758337268275966
164,-44.3739532324614,0.015555648826785496,0.8486723814588909,2.2620895522388023,335,0.12774139389290662,1.41782410686492
165,-29.670469651538532,0.014880508781434635,0.847823709077432,1.3019230769230772,156,-1.877253255512477,2.47518707633305
166,-21.128242468278785,0.014495732972673217,0.8469758853683546,0.5967213114754097,122,-3.7033056990162065,1.808182059830628
167,-31.33207818146873,0.01665153658488788,0.8461289094829862,4.0602409638554215,166,9.662400112261357,0.9460295233132214
168,-5.613686941617768,0.012005994176684782,0.8452827805735033,0.6517241379310346,29,-1.7191277505048532,2.2286072870307123
169,-11.642165258178874,0.015967333247000445,0.8444374977929298,3.141482965931867,499,-0.010079467607744697,1.4049193854958375
170,-106.96151406152408,0.016325188764298188,0.8435930602951368,2.4218436873747473,499,4.039521376118451,2.2805919797731846
171,-65.62675720767204,0.01572528658322766,0.8427494672348417,0.8523046092184383,499,-0.7169869894506031,2.419145305955965
172,-85.40088798081905,0.01575409754632948,0.8419067177676068,1.8777555110220467,499,-5.358713846397351,4.698695765835232
173,-16.64274987704026,0.015959090067316658,0.8410648110498392,1.1539130434782612,115,-1.2696219842559113,2.3670471322701374
174,-101.75489854033059,0.01607156731998143,0.8402237462387894,3.7473913043478198,460,9.806968386192786,2.0465718404989204
175,-81.27323602649477,0.01602505066031434,0.8393835224925505,5.115921787709496,358,10.084756319136682,1.5399913159094467
176,-99.40747673723227,0.015887614339590073,0.838544138970058,2.2522448979591845,490,5.095187111217291,1.8219270054284422
177,-56.00670863559164,0.016732727440486428,0.8377055948310879,1.4587786259541962,262,0.5098244596271058,2.9609595874270767
178,-118.52244354401876,0.016160592775538055,0.8368678892362568,3.196793587174351,499,1.0231456170168576,3.0369508158785905
179,-47.270285602393905,0.015024680942853919,0.8360310213470206,1.5813953488372072,301,5.7857674438892035,2.155570322674862
180,-10.335887518303524,0.015256668906658888,0.8351949903256736,4.53529411764706,51,-9.603521885204533,3.0791346914949713
181,-89.95330983497158,0.01668397991457032,0.8343597953353479,1.1699398797595182,499,-0.452826176061655,2.80568449673396
182,-40.29502153821247,0.017138506601587302,0.8335254355400126,4.9356097560975645,205,10.12575514094454,1.4248050294195025
183,-63.475692724346054,0.01661298976014584,0.8326919101044725,1.6894039735099318,302,1.380487038470287,2.360670774949739
184,-16.669300203363484,0.016051052090584893,0.831859218194368,0.5636363636363639,88,-1.4701838267009437,2.260795897157493
185,-64.94038922767038,0.01591739261477551,0.8310273589761736,2.941176470588242,493,3.7366762900365575,1.547302274119616
186,-16.925110329812224,0.017451557713926216,0.8301963316171974,1.1316455696202534,79,3.0021064905246853,2.7806558933241874
187,-40.98018612719729,0.01588741007574539,0.8293661352855802,4.399999999999998,199,10.01938694267627,0.7284869606274427
188,-79.20190485465164,0.016594404481594695,0.8285367691502946,2.986936936936938,444,9.625806802403034,3.031684133993373
189,-78.59901553684561,0.016898288893987926,0.8277082323811443,6.142234332425066,367,9.986139133981514,1.5364567745883093
190,-48.03954890373956,0.0164058311639766,0.8268805241487632,1.5530534351145042,262,3.704820659781343,2.549778074986982
191,-100.74741689128996,0.016643318014484428,0.8260536436246144,1.4983967935871783,499,0.506143787011629,4.07701916946381
192,-93.3570426729221,0.01714906360979916,0.8252275899809898,2.808796296296294,432,9.394898795094607,3.837441617599083
193,-1.2231472179565253,0.015468672564667132,0.8244023623910088,1.4694444444444448,72,3.926731173050315,1.7621189489429625
194,-74.09186435907696,0.01586216461515544,0.8235779600286178,2.377945619335345,331,5.390270493986948,3.7221592722539967
195,-24.909637758918272,0.016199374046335195,0.8227543820685892,1.153191489361702,141,3.555231924399184,3.0758031162396335
196,-25.52054615640868,0.015615474834286292,0.8219316276865206,1.5651376146788996,109,2.1469195630012607,2.8488112026266066
197,-45.49960597339612,0.017147016317955573,0.8211096960588341,0.6470588235294119,323,0.39322054218513847,2.760674781921068
198,-28.853579044384738,0.0170136090139104,0.8202885863627752,0.983240223463687,179,1.0943170809696818,3.215952429417996
199,-22.37052178359768,0.017387501379082196,0.8194682977764125,1.0142857142857136,147,-2.4286935945804657,2.3293733623852475
200,-30.048690276724084,0.016196507805337507,0.818648829478636,3.909090909090909,132,6.245672731605728,3.3554083640773484
201,-68.56658755274438,0.016774960945344926,0.8178301806491574,2.574585635359116,362,10.218557890160668,1.1232902936989433
202,-59.93740882687617,0.016531512156664006,0.8170123504685082,1.224033149171271,362,0.5962054660307015,2.9867167656775138
203,-22.92335034670552,0.018799458611649514,0.8161953381180397,0.8212643678160921,174,-2.5806840464407848,2.100548832605398
204,-22.888728051217328,0.01721856850365709,0.8153791427799216,1.4696428571428577,112,2.2959493899699064,3.000356574370997
205,-59.17981520759681,0.017207737881904977,0.8145637636371417,1.029971181556197,347,-0.6774583243969143,2.4774805041935366
206,-73.86325305890901,0.017773559507363305,0.8137491998735046,0.6971943887775529,499,-0.20230526503673296,2.5875118840468403
207,-109.70853129997293,0.017070993388217232,0.812935450673631,5.2416833667334775,499,9.96998445880899,1.2988013086654107
208,-54.76279018894454,0.017855083772162505,0.8121225152229574,3.1185520361990937,221,6.392190722336958,3.4263253125193742
209,-50.17035806996901,0.017342794867937036,0.8113103927077344,1.5891385767790267,267,-2.79004178941232,2.3033513513873345
210,-90.42563800985461,0.01741259656867594,0.8104990823150267,1.2529411764705856,442,4.104190349200265,1.7867237870275403
211,-88.39853851919744,0.017751975205236064,0.8096885832327116,2.7771543086172366,499,9.550192314323096,1.4671133104854022
212,-31.54925608403626,0.015972113635211706,0.8088788946494789,0.5299465240641716,187,1.4350936997841743,3.0200622944257987
213,-34.33063650687378,0.017744314158335328,0.8080700157548294,0.8117424242424249,264,-1.1991104890246227,2.163443017797128
214,-51.111797033852085,0.018145375740083257,0.8072619457390746,1.0926739926739946,273,-1.2114541579891815,2.4853800345965027
215,-29.244228185887568,0.017603948149012356,0.8064546837933355,0.7863414634146342,205,2.8203896477955013,1.862371958621523
216,-77.30061864368909,0.01691310078050587,0.8056482291095421,4.51585014409222,347,9.917646016837859,1.6321568351804387
217,-27.427455388788903,0.0169329875007909,0.8048425808804326,0.8355263157894742,152,0.9599597387835543,3.083317779007487
218,-74.21135127063849,0.016830538645241082,0.8040377382995522,3.333550488599347,307,9.31637541856077,3.958725502766953
219,-81.71974189878681,0.01723554845468704,0.8032337005612527,6.0417827298050115,359,9.92804384023431,1.658597674604323
220,-104.01883509900844,0.017033312223194277,0.8024304668606914,5.282823529411766,425,9.533454192116809,3.1924511733829775
221,-81.72043361499809,0.018615105682106798,0.8016280363938307,1.5012024048096235,499,0.577289260211729,3.308444982401852
222,-27.839961939263908,0.018731467545899393,0.8008264083574369,3.7056603773584924,159,8.486685034666895,1.1581254234533276
223,-126.10966191961865,0.018376796834827784,0.8000255819490795,6.042885771543089,499,7.84080615226641,2.0705945913404094
224,-31.94988315197535,0.017565149975319702,0.7992255563671304,0.9564444444444449,225,-0.17999168406299226,2.6818230127778193
225,-79.83919796179313,0.018260223374851905,0.7984263308107633,3.4517241379310364,348,5.0346279745432785,2.475377767899431
226,-56.890323373480186,0.017036490558114434,0.7976279044799526,3.9698412698412686,252,9.483451419659993,3.6985553427058804
227,-85.77771919697983,0.01835580623580371,0.7968302765754727,3.3433673469387806,392,9.30603555392424,3.9824514251750074
228,-45.6561032167355,0.018042387227987136,0.7960334462988972,2.0864253393665138,221,-2.3465329316376797,2.9362358782936226
229,-76.67914542220062,0.01803945878520608,0.7952374128525983,3.023733333333333,375,9.368443460958167,3.647125264347359
230,-29.175292752302827,0.019133543547603393,0.7944421754397457,2.765161290322581,155,5.965664425167754,2.157633973650377
231,-72.68918765656566,0.017318515192776444,0.7936477332643059,4.641904761904761,315,9.747621559636164,2.6369161451397645
232,-46.12591404528027,0.018496881958396574,0.7928540855310416,1.6428571428571441,224,-0.8440933561797554,2.832332852898439
233,-102.51858160719294,0.017671821618411607,0.7920612314455105,1.7607214428857727,499,3.16404871283621,4.125072778514344
234,-115.11793412665159,0.018197572098593257,0.7912691702140651,4.006813627254513,499,5.135214196412703,2.6913277104982285
235,-54.266508658146726,0.017810509990083392,0.790477901043851,0.9063291139240508,474,4.310268105255617,1.9793115298554653
236,-61.880134430674374,0.016157519214943995,0.7896874231428072,5.183802816901406,284,10.04043112293166,1.220935311478442
237,-66.07278572339031,0.018609251064280498,0.7888977357196644,1.0212643678160913,348,4.173831291826924,1.9506910591656066
238,-14.51038623911486,0.018841338989494198,0.7881088379839447,1.1045454545454547,88,-0.7217204786537832,2.811875737244634
239,-40.85762053443726,0.018444493772915085,0.7873207291459607,5.88216216216216,185,9.999696132737467,0.8847915812276526
240,-54.09830318074139,0.017453079288504248,0.7865334084168147,0.9153605015673983,319,-3.0482486607396835,2.8218721487744745
241,-70.82646149263005,0.01891895477163875,0.7857468750083979,4.890965732087223,321,10.19088832340822,1.446104171008919
242,-112.8583031910197,0.018287542437398958,0.7849611281333895,4.903464203233255,433,9.088823916998214,4.374387816480905
243,-28.57814209860213,0.018342958290360926,0.784176167005256,3.155038759689922,129,6.586708760957014,3.5555616171836277
244,-79.56872501129494,0.018303576897911893,0.7833919908382508,1.737675350701401,499,2.1064735264891237,2.0419971303379185
245,-99.9685174148923,0.019048840607253308,0.7826085988474126,2.845290581162322,499,6.3290771732546,2.4124186025371017
246,-72.9863300780039,0.018119866056423746,0.7818259902485653,1.7825651302605192,499,-1.3653608668256658,2.8023811947155366
247,-96.52038918955918,0.01799130999394127,0.7810441642583167,6.293023255813961,387,9.609599308673,2.9855994646984314
248,-51.13998098725418,0.018453909677709032,0.7802631200940584,1.1901803607214436,499,1.3118772911962848,1.8381721355464151
249,-47.428148497838606,0.017965463639165347,0.7794828569739644,0.6073846153846136,325,0.4145347984749077,2.7298469366291442
250,-44.690969329612,0.018013128387441197,0.7787033741169904,1.0450199203187243,251,4.726931356341459,1.772507592831019
251,-46.762871515808015,0.01873274256769584,0.7779246707428734,3.7878787878787903,231,9.988856895681575,2.2421239414829373
252,-95.3113870253565,0.018442101294141196,0.7771467460721305,1.480561122244486,499,1.8230208169953999,2.8596814098299603
253,-111.98289137611492,0.018747228303203783,0.7763695993260584,4.503406813627247,499,7.938756683132427,2.6193253979093143
254,-49.924507588418926,0.017464094811697625,0.7755932297267324,6.096916299559475,227,9.525232001605222,3.1824121164691306
255,-60.73493589965841,0.018460226382568393,0.7748176364970056,4.052247191011234,356,10.017571836497641,1.1483987766552417
256,-94.27772455472359,0.01931244388263755,0.7740428188605086,1.641082164328657,499,0.8933410268984088,3.269776477456574
257,-43.16126245199383,0.019327619614907438,0.7732687760416481,3.044444444444447,180,4.771239380093988,2.8061915118859986
258,-13.235568627421177,0.019597415482768644,0.7724955072656065,0.8584615384615386,65,1.3805632752699593,2.8800150813070857
259,-39.92775503309745,0.019889445517824973,0.7717230117583408,4.2047619047619005,231,9.953008025840417,1.238974454070501
260,-9.851773875785902,0.019488301577753032,0.7709512887465825,0.4551724137931034,58,2.667157218314635,2.978193242843126
261,-64.0702925212608,0.018208048574091074,0.7701803374578359,0.7637724550898185,334,-1.708504223674375,4.616766839679308
262,-99.79042454372943,0.018982421276430208,0.7694101571203781,1.0472945891783556,499,2.005004942341645,3.033552661861009
263,-72.57945033252828,0.018985417309424324,0.7686407469632577,1.385771543086173,499,1.7500175381715857,2.651138922599351
264,-22.999126414436482,0.019374355293810368,0.7678721062162944,0.687999999999999,125,0.2571558435176562,2.7276722545278247
265,-25.239196659139957,0.01792437942759668,0.7671042341100781,2.319672131147542,122,5.031323206712715,3.047579179547448
266,-86.52499945116273,0.01931471588214535,0.766337129875968,2.023866348448687,419,9.261945398227933,3.98628259674809
267,-77.0536514716461,0.01879954531897076,0.7655707927460921,1.1188376753506986,499,2.8779562915119374,2.7775931934519704
268,-20.787274847488796,0.019052816793322564,0.764805221953346,5.191999999999999,125,10.056328021255739,1.6175752730112265
269,-88.63428760775193,0.018853718585988187,0.7640404167313927,5.450276243093933,362,9.566223662248927,3.079635373272829
270,-74.62721550425056,0.019543243407764855,0.7632763763146613,0.6283887468030669,391,0.28994472245670044,3.156653950741365
271,-82.85749363949219,0.018468667236331074,0.7625130999383466,5.07326203208556,374,9.959142621105602,1.5899107090668068
272,-67.40384912161893,0.019471893495449987,0.7617505868384082,4.530897009966782,301,9.755865577056555,2.618382263022255
273,-28.730969651472716,0.020275106659391896,0.7609888362515699,1.1137499999999994,160,-1.1331163263602,2.663070663766355
274,-79.80207236861268,0.019524632311337508,0.7602278474153183,1.3563805104408337,431,4.973519368962744,1.7371875575614624
275,-45.00911311113787,0.019017536971779145,0.759467619567903,0.8006557377049185,305,-1.2921259695108462,2.192113428006081
276,-78.05559463612447,0.019743438215668728,0.7587081519483351,0.6474949899799585,499,0.4440940620695266,3.000558296629279
277,-28.53797581425336,0.019580683435802118,0.7579494437963867,3.073267326732674,202,9.15593172671625,1.4447734656375246
278,-97.60764161054303,0.01970965531141402,0.7571914943525904,3.093787575150304,499,5.650879170558012,3.2638860127037574
279,-7.8264158773379835,0.01869901886675507,0.7564343028582378,1.1349999999999998,40,-1.1275550315870992,2.4986006039643414
280,-40.474095366450356,0.01906500425960483,0.7556778685553796,2.701477832512317,203,6.4098352471557405,1.9188772825170304
281,-52.234562581396325,0.018302663928776417,0.7549221906868242,1.568301886792451,265,-0.5489983862779799,3.0252335284621097
282,-84.30184529041469,0.01935644183521268,0.7541672684961374,1.2424821002386641,419,5.8825741180387485,3.73061193191635
283,-41.01889158232118,0.020808736222771164,0.7534131012276413,0.5586206896551729,261,3.1315565524607694,1.997175511850493
284,-105.00319272326142,0.01935647652654317,0.7526596881264136,2.951102204408824,499,6.245992969699837,3.8352763917373807
285,-105.73263115035526,0.019731081135400615,0.7519070284382872,4.389604989604997,481,10.13450821290502,0.905290617929829
286,-45.35945547843697,0.01958681664658351,0.7511551214098489,3.935526315789473,228,9.587576756899253,3.2985950011745118
287,-10.755956555182252,0.019431187601018977,0.750403966288439,1.4483870967741936,93,5.503235718367838,2.0614500622166716
288,-84.45586198478331,0.01973553245069687,0.7496535623221505,0.7130260521042053,499,-0.19278724006333148,3.2780002690179373
289,-31.22025545851497,0.02093688672064406,0.7489039087598284,1.785987261146496,157,-2.4671438680843094,2.288113706227861
290,-34.84964338435827,0.020425337714726453,0.7481550048510686,3.398901098901099,182,9.082242672333354,4.292492659322278
291,-41.872760591444454,0.019120461828316802,0.7474068498462175,0.48222222222222294,270,-0.7657819364676328,2.3027453385697783
292,-96.9702405321503,0.021127463908182955,0.7466594429963713,1.1178356713426831,499,1.5250993475176053,3.5489602868318144
293,-34.48723385745548,0.019262003088460385,0.745912783553375,0.6038834951456326,206,0.9422670279004204,2.8491210300010863
294,-30.875300981421347,0.02041431705862896,0.7451668707698216,1.9465753424657526,146,3.523908898623678,3.552459541113791
295,-81.745828455112,0.01993649533083338,0.7444217038990517,2.77910447761194,402,9.925554678530816,2.0557285371476297
296,-18.232141141925165,0.022309705762872622,0.7436772821951526,0.43174603174603177,126,-1.2866964208652916,2.3776002989600684
297,-92.18591535143321,0.020474268224738214,0.7429336049129575,2.9217391304347866,460,9.643355509685891,3.8231723594342313
298,-92.73828378573359,0.0199858571434457,0.7421906713080445,1.1909819639278563,499,2.731033832269288,2.5553520197901634
299,-38.04315456104531,0.02120089724071716,0.7414484806367364,1.2231578947368418,190,-2.6662743351655482,2.1493647881542373
300,-100.71948134054452,0.021460930475739725,0.7407070321560997,3.9779193205944785,471,10.020747057085966,1.7230026200751993
301,-34.18344152858442,0.021681462858258834,0.7399663251239436,3.659433962264148,212,8.484307919114935,1.2131085060593492
302,-46.39174554988872,0.01950483715477129,0.7392263587988196,0.5838709677419341,248,0.16643485791132573,2.3656771220577255
303,-104.37371761009851,0.021380492741753437,0.7384871324400207,2.313627254509017,499,5.255041255403589,2.067584356187133
304,-32.42743348865116,0.020631265884730965,0.7377486453075807,1.4836538461538447,208,-4.377638449671654,1.9143601199294338
305,-47.071301348080745,0.02026397953245868,0.737010896662273,4.5327659574468075,235,10.099307207138597,1.0520297864355683
306,-96.30430540568491,0.02130581333464336,0.7362738857656108,2.884368737474949,499,8.448548422765773,1.2891888074526818
307,-99.71553733284159,0.021533971213789766,0.7355376118798452,3.4434869739478926,499,8.092813596809856,3.2375588435430416
308,-63.668700212790725,0.019665096743987403,0.7348020742679654,1.1552407932011324,353,3.7182424698015444,3.709517976935146
309,-35.543292142113465,0.020992132282437206,0.7340672721936974,3.4774725274725293,182,10.002761505259803,1.9685933182984385
310,-33.965172730762994,0.01927767592799647,0.7333332049215037,1.8614525139664795,179,4.078296874002447,1.960259136347588
311,-96.41274879307399,0.02077608936483074,0.7325998717165821,0.7951903807615237,499,0.01027482738186336,3.524229323303949
312,-69.98929827948527,0.02089420620363084,0.7318672718448656,5.472403560830862,337,8.62402321384771,1.1086540809507426
313,-67.26372828338297,0.020548460921311604,0.7311354045730207,0.9859832635983258,478,-2.5133143738395693,1.563054920651183
314,-81.65233107270286,0.0210632652843106,0.7304042691684477,1.0108216432865718,499,-0.9154905153646955,3.932349291526876
315,-81.23874735747131,0.021943387987917076,0.7296738648992792,0.9158316633266528,499,2.3878116401802894,2.7704996966515694
316,-44.15085793559757,0.020761119334351975,0.7289441910343799,0.7626334519572951,281,-1.4326853260945214,2.46034297376562
317,-58.51689403586556,0.021342798663727656,0.7282152468433455,2.796835443037972,316,9.41578064051682,1.4291131664647452
318,-30.63854088757575,0.020845273356001403,0.7274870315965022,2.282474226804124,194,5.702360779844595,1.8222084693668563
319,-68.11466775800615,0.02162014349448017,0.7267595445649057,0.7812064965197222,431,3.742683216153345,1.8868128168248646
320,-46.21099020909548,0.021200934589553373,0.7260327850203407,0.9218045112781951,266,-0.5852500147017343,2.8286855510333027
321,-65.93973210631775,0.02227854615666418,0.7253067522353204,3.6478632478632496,351,9.856230858908573,2.3664584954009698
322,-70.05680777172095,0.022562854736670104,0.724581445483085,2.8979959919839655,499,8.402994080188153,1.8457035346630022
323,13.026375718962564,0.021949105721432716,0.723856864037602,1.175624999999998,320,-2.408417968262554,1.1900541407217133
324,-95.32470664211489,0.022180880037302484,0.7231330071735643,0.8853707414829626,499,1.061830054476823,2.9034135786249706
325,-6.525242069334686,0.02265900965574958,0.7224098741663908,0.854128440366972,109,-0.36048338500679966,2.229141262458036
326,-37.82738865716517,0.02196540261776942,0.7216874642922244,2.164779874213834,159,0.5860357289868086,2.299876870828527
327,-12.735175094639548,0.022551886413408363,0.7209657768279322,1.084782608695652,92,-4.3088326145602895,1.7536281677907226
328,-51.55384668320987,0.021805861153993807,0.7202448110511043,1.1188679245283017,371,3.0799748919206706,1.9330942547418317
329,-14.638776748942561,0.023648375124752163,0.7195245662400531,2.329607250755285,331,-2.9231917716239098,1.5144445147075558
330,-32.515291321804035,0.022053979627917268,0.7188050416738131,1.26300578034682,173,2.3339841790831244,2.5533903022296727
331,-96.9095375590005,0.022206193472600295,0.7180862366321393,1.3178356713426838,499,3.1165171585684526,2.3111523863799377
332,-99.68202559129305,0.02250493811872715,0.7173681503955072,1.228456913827656,499,3.4638637419946123,2.4769186070287006
333,-33.71981458884776,0.0230341272092876,0.7166507822451117,0.8613733905579398,233,2.707062738118008,1.742547941916591
334,-33.115101778503636,0.023166249281373518,0.7159341314628666,2.280000000000003,145,5.086532912792457,3.1532154079261403
335,-66.82404781848338,0.022893075351575334,0.7152181973314037,1.5184368737474954,499,-0.6653632352537207,2.527040214008913
336,-25.324889415935942,0.02228071989820284,0.7145029791340722,0.718300653594771,153,0.8245968677579336,2.7921888047329944
337,-40.43394507819476,0.02252471088519636,0.7137884761549381,1.8599056603773592,212,1.6122170654733834,1.7541358976637156
338,-96.81842516620067,0.024067812324884183,0.7130746876787832,2.5348697394789568,499,5.643125273745074,2.3520464812211017
339,-16.629862198949162,0.024667217987515623,0.7123616129911045,0.680158730158731,126,2.3219263921449023,3.1072328853875675
340,-61.60732257686283,0.02411895120922463,0.7116492513781133,3.559169550173009,289,9.620685613450934,3.178255898131326
341,-62.898654559084264,0.024133026739582418,0.7109376021267352,4.740000000000005,280,9.936421666763575,2.0920034216764947
342,-91.15580768910566,0.023924166183425192,0.7102266645246085,3.1200854700854674,468,9.310376432616785,3.850311612719139
343,-9.013910499267485,0.025063482970422643,0.7095164378600839,0.7261363636363634,88,-0.9282420959197388,2.3982758401980604
344,-28.98250102916128,0.023311378982483963,0.7088069214222238,2.936075949367086,158,-3.463102703004632,2.5110669034815416
345,-75.21457129098191,0.023661268035132802,0.7080981145008015,0.8589178356713415,499,1.1254608160416018,2.55458712804775
346,-46.250069894876034,0.02523771356480817,0.7073900163863007,1.141000000000003,300,1.2697954061473893,2.7692408021257933
347,-66.70165020956145,0.023545545830068463,0.7066826263699144,0.7076152304609213,499,-0.373724942146731,2.774676625135541
348,-65.55626670705887,0.023935574154479625,0.7059759437435444,4.070607028753997,313,9.415806255750907,3.8093254620037555
349,-55.94498697030213,0.025339898657061176,0.7052699677998009,1.487174348697397,499,2.8108280523910345,2.0369027763289793
350,-13.343366809870181,0.02328629238611978,0.704564697832001,1.7086956521739147,115,-1.9835824207547406,2.2918098073819095
351,-49.93514699982042,0.025076259532463306,0.7038601331341691,2.5542955326460466,291,9.867437691938143,2.273403084668672
352,-39.77709519218022,0.025792834640014917,0.7031562730010349,0.8870535714285703,224,0.6433932317906335,2.818046911743835
353,-66.84997556013171,0.023780421686491797,0.7024531167280339,4.961688311688313,308,9.337721366703345,3.9456854260662553
354,-76.52802042043186,0.02427758499308077,0.7017506636113059,1.2268537074148267,499,-1.581287643876986,2.94451286145096
355,-47.415081571984906,0.02578063844703138,0.7010489129476946,2.994402985074627,268,9.79003090431225,3.1788955074834533
356,-80.58605866590923,0.02436477403495122,0.7003478640347469,1.3450000000000004,440,5.303690568985875,1.9099444621727173
357,-81.85172683323854,0.024403669626970367,0.6996475161707122,1.5079185520362,442,2.875969208947898,1.9343594089210256
358,-37.027532004480385,0.025858296401271918,0.6989478686545415,1.0025252525252528,198,-1.249098816386907,2.467528177038382
359,-47.6446669517067,0.025108224642765405,0.698248920785887,1.8094155844155861,308,2.0468594464108016,3.423701697577961
360,-38.36366689424553,0.023834786851898774,0.6975506718651011,1.2211711711711704,222,-2.1508420355048483,2.416367622970469
361,-83.16500794794813,0.02469115568425708,0.6968531211932361,0.5985971943887763,499,0.6160477540974978,3.021086884349174
362,-83.83842741214035,0.024114666682087588,0.6961562680720428,1.3535070140280552,499,1.4418795758089873,3.8331878183928936
363,-43.377533808494725,0.025204033624441898,0.6954601118039707,0.9757377049180321,305,2.9580664704858033,2.0581724587281798
364,-18.401796705730895,0.02597498828615237,0.6947646516921667,0.9631578947368414,133,3.479095546303782,3.3772398509288166
365,-83.49120005278269,0.024553994250406202,0.6940698870404746,1.2129166666666658,480,5.427291225161771,1.810232397491049
366,-78.55627519587814,0.02504714418558369,0.6933758171534341,3.240053050397878,377,9.62398418723365,3.5164949300961297
367,-19.051862835271397,0.02585032892801295,0.6926824413362807,1.0384039900249367,401,-2.541762338872358,1.4800190177733583
368,-87.76921798607549,0.026371294888247826,0.6919897588949444,1.167334669338679,499,-0.24251817033519707,4.2654756258568085
369,-80.19880482801071,0.025077756875024768,0.6912977691360495,0.9376753507014018,499,-1.549755507445206,3.256197232348555
370,-58.02671166237542,0.025118974815138462,0.6906064713669134,2.8969696969696956,297,7.910633084777129,1.3399758572938865
371,-7.286619283838412,0.026624137486674283,0.6899158648955466,0.7543859649122809,57,-0.7020578105346993,2.4322145193550355
372,-74.15201941462824,0.025495375255755296,0.689225949030651,1.1763466042154567,427,2.4986006522098703,1.6428171564125051
373,-77.40270942221397,0.026616308229689845,0.6885367230816204,0.8236472945891782,499,1.6097307931486053,2.3047123716118634
374,-43.30991956788765,0.026989510809145276,0.6878481863585387,0.9961904761904758,315,-0.9742839172569293,1.8169274132074662
375,-82.07582881037918,0.026981062209140323,0.6871603381721801,0.9597194388777542,499,-1.2710588976128774,4.210581599566758
376,-12.545427988918842,0.02658638871293895,0.686473177834008,1.0795918367346944,98,1.5679407199840187,3.289466410696491
377,-42.55118055617555,0.027001646559460094,0.685786704656174,0.4455516014234882,281,0.03343237854269798,2.660189643532931
378,-34.18041665478062,0.026823202492012276,0.6851009179515178,1.2232365145228214,241,-0.7342381616337463,2.7401438452796185
379,-61.10493659239246,0.027189815982185693,0.6844158170335664,1.9028901734104056,346,-0.579316341236551,3.376970625350907
380,-30.859512257301514,0.026052424503380762,0.6837314012165328,1.4929411764705882,170,2.9923978427229616,1.9208936985842016
381,-43.922112180008156,0.02739501209809116,0.6830476698153162,4.168159203980101,201,8.901190410961041,2.6824676399548295
382,-59.915719814156965,0.027599275097221078,0.6823646221455009,1.4623246492985953,499,0.6968374188503255,2.7076173740754754
383,-19.371362297071617,0.02848385118556266,0.6816822575233553,0.9517006802721091,147,2.019159950220924,2.297431689033722
384,-40.36430749415392,0.026973969020092716,0.6810005752658319,0.8376923076923076,260,4.573434222583824,1.9219251167227398
385,-61.47742776133502,0.028089342806824225,0.680319574690566,0.9519038076152286,499,2.5395730456261174,2.6827842342210175
386,-78.23643045980218,0.027072438919815964,0.6796392551158754,0.9575150300601205,499,-1.7177512508494797,3.803100041203315
387,71.4969525642033,0.02825857772825954,0.6789596158607596,1.245490981963936,499,1.1238429724269658,1.5055979586522312
388,-73.69993945784364,0.027335624763728084,0.6782806562448989,0.7102756892230543,399,-0.40698626334570376,2.9115924594566707
389,-19.250471302924147,0.029287906122747166,0.677602375588654,0.3706896551724139,116,-1.6097598502248567,2.164404689604652
390,-47.80721847397474,0.028670963747956888,0.6769247732130653,1.6590785907859076,369,-0.2548344242744536,2.6944347607949197
391,-95.13257640348789,0.029244447860471114,0.6762478484398523,1.568537074148297,499,2.084080356296026,2.843523568544107
392,-34.031824691198786,0.030122951375177273,0.6755716005914124,2.1658974358974312,390,2.576181143676784,1.6380401644118763
393,9.090392650202084,0.02954200756006346,0.674896028990821,1.4238476953907837,499,0.5457537303124624,1.4171911960044241
394,-43.006497524774055,0.0295396952835076,0.6742211329618302,0.9507739938080485,323,-1.3542586288610825,2.2247249044197304
395,-82.35863396530603,0.029328878052562533,0.6735469118288684,0.750100200400803,499,-2.7598187818963225,4.527526154096215
396,-59.377383140603655,0.029836338910239714,0.6728733649170395,1.024867724867726,378,-0.8581846186931461,2.8750157050352954
397,-16.97797541797169,0.02951962489853887,0.6722004915521225,0.5811764705882354,85,2.2318128092719123,3.033756641607525
398,-45.00649380815495,0.03025189238620963,0.6715282910605703,1.2579158316633279,499,-2.9287429058282237,1.9001817532625154
399,-10.754003534279686,0.029592389115289355,0.6708567627695098,2.092134831460674,89,-6.404058238673957,1.7514989162943166
400,-70.17232622706669,0.0302000535076729,0.6701859060067403,5.102140672782869,327,9.952671154274153,1.7372696359174569
401,-21.992881069300395,0.029209864220139405,0.6695157201007336,1.1468085106382984,141,-1.055689469909586,2.263997367909681
402,55.16731109737465,0.03133020688311191,0.6688462043806328,0.8851703406813636,499,0.0274018061491752,1.5941679168007852
403,-66.83772657343503,0.030339987368093343,0.6681773581762521,1.3080160320641288,499,-1.379439584039829,2.4516046358199475
404,-90.71890056482435,0.032039023795326756,0.6675091808180759,2.5549586776859528,484,-4.910074167620911,3.0595888969533576
405,-104.4768350676478,0.03167800606790191,0.6668416716372578,1.3815631262525034,499,-1.1920451827222585,3.0034665642109175
406,-77.97454298398007,0.030830576220799783,0.6661748299656206,1.4236472945891798,499,-2.7482378211692695,2.6985794002145553
407,-61.43077254039373,0.031237851608104123,0.6655086551356549,1.545290581162322,499,0.7475388268634178,2.218212273906687
408,-91.43486078701726,0.03195438167278119,0.6648431464805192,1.2372745490981973,499,-2.7141925737388175,4.2993204887566705
409,-29.541223590582902,0.03251315666542899,0.6641783033340387,1.3090322580645155,155,4.561097653831201,3.2195658466118644
410,-66.42989241290756,0.03164637582992504,0.6635141250307047,1.7228456913827652,499,-6.811669179225671,2.557754485153069
411,58.89789796540747,0.03275019620435092,0.662850610905674,0.8975951903807585,499,-0.9990813741871327,1.3300713968900766
412,-31.868973942768804,0.033034407399379864,0.6621877602947683,1.300480769230769,208,-1.9402495213546054,2.3090367658224906
413,-35.41278277428699,0.03259277417845203,0.6615255725344735,1.1450901803607207,499,-0.9121197559195147,2.0956839030579673
414,-73.088457728376,0.03341223867442123,0.660864046961939,1.3418837675350705,499,-1.4074433062546978,2.7344139635470626
415,-66.31604590604368,0.03226219349072309,0.660203182914977,1.629058116232465,499,1.6187405562934924,1.7831155540366268
416,-44.6180838018106,0.033341671427887284,0.6595429797320621,1.7238476953907809,499,0.7729572178411468,2.0937485977382053
417,-80.04134113817885,0.03279280836856317,0.6588834367523301,0.8529058116232461,499,2.3081016171390925,2.23063956167487
418,-77.74546751777316,0.033542954784730274,0.6582245533155777,1.0729458917835686,499,-1.778873001870393,3.178812008515216
419,-15.093911816127733,0.034472707828337494,0.6575663287622622,1.6763636363636374,55,1.8547991646664062,2.7919693125253815
420,-8.451802587611546,0.03380876952023418,0.6569087624334999,0.44814814814814796,54,-0.8164693309299644,2.414018830718014
421,-40.716502206212255,0.03444448919056376,0.6562518536710664,1.1022421524663686,223,-1.4316661800760015,2.2255088495288007
422,-62.090581291795914,0.03391187836626967,0.6555956018173954,0.5603206412825654,499,-0.6102736158755842,3.0025872073228115
423,17.965728240203575,0.033743012123913674,0.654940006215578,1.5219753086419758,405,2.1718041037699805,0.19216192249645303
424,-9.588296927965354,0.030720593963275877,0.6542850662093624,0.6701754385964915,57,-2.3088014957773058,2.3132370819472143
425,-70.58184803775215,0.0337485404879243,0.6536307811431531,1.1190380761523036,499,-1.5715016712447292,2.7985226784280925
426,-49.03355780565809,0.034661110321229156,0.65297715036201,1.555555555555554,297,-1.400502597461851,3.0065228699370294
427,-22.931975736741762,0.03607591644636002,0.6523241732116479,1.380172413793103,116,-4.551158657873971,1.9339278270048368
428,-29.94558672370401,0.034390693673720725,0.6516718490384363,1.131221719457013,221,-1.746421084581954,2.0102599960751206
429,-98.43156749948874,0.03493471416882296,0.6510201771893979,1.8202429149797588,494,-1.703622998011305,3.48021493371359
430,-22.901055867962707,0.03706550490684234,0.6503691570122084,1.2965811965811973,117,-0.6674293420847652,2.8195770443350483
431,-73.63843448578885,0.0357106465450628,0.6497187878551962,0.827454909819638,499,2.106939198033192,2.4344451785892147
432,-92.50583935127256,0.03417138034339718,0.649069069067341,1.570741482965934,499,-0.6465223938567868,4.396197616313941
433,-73.92823173869114,0.03594691665257087,0.6484199999982736,1.1298597194388782,499,-1.6778446432876128,4.5301320540050085
434,-69.06001229530408,0.035490242361216125,0.6477715799982753,1.4589178356713446,499,-0.11235235643026575,3.170931198679753
435,-33.65140258437282,0.03565600179210455,0.647123808418277,0.8967935871743452,499,0.6661469989556621,2.0821381946276247
436,-76.49091692823815,0.03716686673514649,0.6464766846098587,0.6503006012024052,499,1.0426714027438653,3.7020735907534785
437,-17.331255857861684,0.03777033754059265,0.6458302079252489,1.6645299145299148,468,2.424245471621102,1.289947823256206
438,-85.33957197397798,0.0379692922964065,0.6451843777173236,1.265731462925848,499,-3.0972611296291266,3.3944449302109945
439,-37.08451704956058,0.036568057070111105,0.6445391933396063,1.0400801603206402,499,0.5392863146937739,1.896257382159014
440,-45.60768768107894,0.03938624930366144,0.6438946541462667,1.4839160839160845,286,-0.7818333622715823,2.134836887104349
441,-46.62712824298397,0.036932879760861397,0.6432507594921204,1.864363636363634,275,-1.1768569222489758,2.5467633166700523
442,-56.76142079884819,0.036862348143154186,0.6426075087326283,2.7710914454277313,339,9.700183296840928,3.017779332810477
443,-70.51350865988198,0.03813432423745045,0.6419649012238956,1.2234468937875755,499,-0.6936897636623427,2.3515034808386304
444,-47.5471289375591,0.03912134350563188,0.6413229363226717,1.09203187250996,251,-1.6003978222100947,3.4974995027343923
445,-65.82443450226096,0.038404306441635075,0.640681613386349,0.7893787575150287,499,-0.612709648379087,3.7496939248820738
446,-90.19870689843887,0.039965585624437056,0.6400409317729626,0.8468937875751469,499,-0.7230915232450132,3.8998850094298163
447,-77.18541833170681,0.03750762153596044,0.6394008908411897,1.0134268537074127,499,0.1084389527258578,2.900612233285777
448,-78.45361786791236,0.03932976456385158,0.6387614899503485,1.4048096192384774,499,-1.4200202661801304,3.3014402065114083
449,-17.12277585608586,0.03694897426255778,0.6381227284603982,1.2872549019607835,102,-1.7118729672097803,2.607486011513352
450,-22.79279897210379,0.03967609591547798,0.6374846057319378,1.3276729559748426,159,-1.79736769249712,2.50115072755915
451,-63.01324268642265,0.03875497336890106,0.6368471211262058,1.2562005277044843,379,4.495954171607661,1.8611734660071306
452,-33.203542850687725,0.03912368850627293,0.6362102740050796,1.5362500000000014,240,3.913484551941222,2.10841100072124
453,-14.08212492421558,0.038350648191921854,0.6355740637310745,5.376470588235296,68,-9.837441289122163,1.9811857009762122
454,-59.99649569283291,0.039363947982539636,0.6349384896673435,2.1899799599198353,499,0.37334951208927025,2.8237914839003224
455,-70.18464005621941,0.03831774067472328,0.6343035511776761,1.2586363636363649,440,-2.276322778397346,2.48346404605482
456,-5.903674384689431,0.03733633966608481,0.6336692476264985,1.3242424242424242,33,-3.6272088452751436,2.2855438340124934
457,-38.786983265653674,0.03941633177170892,0.6330355783788719,1.2969939879759496,499,-1.0496652764831094,2.5605517343435906
458,-65.62340249716243,0.0413378632491182,0.632402542800493,1.3735470941883785,499,0.4552618587191688,2.599794920591286
459,-63.294686600237824,0.04117767238067482,0.6317701402576925,1.3412825651302618,499,0.2610471599022657,3.021309984926077
460,-35.738815816417976,0.040859478897226596,0.6311383701174348,1.0653306613226459,499,1.8407747647914827,1.3948591360686748
461,47.19297311479057,0.04225038787824119,0.6305072317473174,1.2058116232464942,499,1.4423164668417519,1.2634085289827581
462,-4.536121258523077,0.03738224948756397,0.6298767245155701,1.3416666666666668,24,-3.2002387123129696,2.0705806730751135
463,-57.09249773894198,0.0425775288594868,0.6292468477910546,0.8158316633266511,499,-0.8887084726821777,2.9576707690025827
464,-69.13061838620142,0.04187209050512625,0.6286176009432635,1.3749498997995997,499,0.4869723111833424,2.2767912062480633
465,-45.414164727248924,0.04331848305651922,0.6279889833423202,0.8713426853707391,499,0.013146601393480672,2.5404062125394375
466,2.652051493288165,0.0418867959467347,0.6273609943589779,1.1859719438877732,499,0.27277468901533464,1.5544276555162924
467,-28.889233375806306,0.043440255762210916,0.6267336333646188,0.6914285714285713,245,-1.6896368273372273,2.149191718274274
468,-58.456396764495004,0.042960723175224896,0.6261068997312542,1.6230460921843664,499,-0.8018859116711696,2.8648086097750465
469,20.643846702933427,0.04379514014284931,0.6254807928315229,1.2905811623246544,499,0.5829999189111046,1.4421094960338294
470,-52.35239918179411,0.04390288697917739,0.6248553120386914,2.688376753507019,499,-1.7449419011284797,1.5084586453749722
471,-74.89555330230334,0.043557343172107285,0.6242304567266527,0.9801603206412798,499,0.007527129395889176,2.831392952601753
472,-7.189629585406115,0.04616955966886246,0.623606226269926,1.28030303030303,66,-0.8130739758677663,2.7955727022076147
473,-29.469593990247784,0.045178393987297685,0.6229826200436561,1.320596205962062,369,2.3326543924152756,0.9649445317907208
474,-68.49129256897041,0.04625560299219015,0.6223596374236124,1.2274549098196403,499,0.5270738919340521,2.363756364147335
475,-55.02542008683156,0.04419283260160195,0.6217372777861888,1.6533066132264527,499,-1.5170453806689257,2.809375459973765
476,-57.713102314074696,0.04550588952903757,0.6211155405084027,1.5603206412825616,499,-1.3337187685069276,2.939687943308421
477,2.095850734680296,0.046046514987436116,0.6204944249678943,1.0811965811965814,117,0.3910484945473156,1.416645445216588
478,-15.906975090371542,0.04478398128980544,0.6198739305429264,1.0959349593495935,123,-2.54822331527576,2.1642377069332284
479,-47.7211534321314,0.04489544238665222,0.6192540566123834,1.8761316872427987,243,-2.153997855372492,2.8510030352763636
480,-56.591345993257576,0.0454520123463893,0.6186348025557711,1.2002004008016025,499,-1.4510853368797791,2.18107650320502
481,-8.884767875096477,0.04647993938978724,0.6180161677532153,0.9352705410821631,499,-0.11665865859460789,1.807707358276346
482,-12.80806314476333,0.04485157887275155,0.6173981515854621,0.6635135135135142,148,2.744624369668828,1.746831517178677
483,-19.257532800574314,0.04537687029527581,0.6167807534338766,1.4162318840579702,345,2.25266670222275,0.8234523247933794
484,-55.33818136750497,0.04570401042983503,0.6161639726804428,1.326653306613225,499,-1.3647938637403674,3.3368069681224313
485,21.95544141094249,0.045450755662065655,0.6155478087077623,0.9583333333333324,408,-0.6903985243441606,1.7897274045072606
486,-71.0862178139002,0.04696718036366966,0.6149322608990545,1.857715430861722,499,-0.99437589273214,3.2103796529817217
487,-69.50740596759977,0.046900390932907564,0.6143173286381555,1.3791583166332673,499,1.2394663166303288,1.8524147571802416
488,-36.15803559682683,0.048614200280251235,0.6137030113095173,1.8177664974619288,197,-1.9472535901474202,2.7755305927836176
489,-84.99472808349995,0.048211058482288835,0.6130893082982078,1.0669338677354736,499,-0.18511820037573212,3.6973197471688053
490,-32.88986909506506,0.04893540898241948,0.6124762189899097,1.132989690721649,194,-2.257255919344015,2.3448347148032127
491,-51.681829285438134,0.04917974491477528,0.6118637427709198,1.7167146974063396,347,2.6916223011819604,1.638013130627435
492,-74.9089183874982,0.04695321078261058,0.6112518790281489,1.997995991983966,499,-1.764000349598068,2.295373448697191
493,-72.08216700497336,0.04821490372469526,0.6106406271491208,1.7841683366733498,499,-0.9879389550921212,2.912547523854556
494,-43.48011606681801,0.04919465355199876,0.6100299865219717,2.14460431654676,278,-9.347925257095342,3.8280502612088796
495,89.04894522405544,0.04891949458671118,0.6094199565354498,1.26432865731463,499,0.5825871276160508,0.7835252121744745
496,-86.87943017471414,0.04788858098218699,0.6088105365789144,1.0320641282565126,499,-0.9860885265656498,3.9180983617102996
497,-69.17606547397841,0.04807256302518214,0.6082017260423355,1.1416833667334687,499,0.10878274482324324,2.9186311800589664
498,-23.60980901252247,0.048688451886877544,0.6075935243162931,2.2333333333333316,234,-3.4770911624652587,2.590484085344549
499,-33.62076691210389,0.04977037879696231,0.6069859307919768,2.104008016032065,499,-0.7770917915836324,2.320397343519687
500,-38.2482915369989,0.048401578918047666,0.6063789448611848,2.149999999999999,288,-2.3393604292897967,2.8034769023833874
501,-51.77169055310004,0.049882547063883655,0.6057725659163237,1.3625250501002022,499,-0.9691753259787803,3.060451011524556
502,-60.33557627022794,0.05022180784671079,0.6051667933504074,1.360476190476192,420,-1.9381216937673007,2.2157793433930664
503,-13.218500713637614,0.05249421148222278,0.6045616265570569,1.0670454545454546,176,2.5404382957551643,1.4495804848776999
504,-37.10441779811009,0.04995105293894817,0.6039570649304998,0.8158316633266501,499,-2.2476990669695014,2.6826384025719605
505,-33.98422799916068,0.051674933379424755,0.6033531078655693,1.0325648414985606,347,-1.8967948281432525,2.3248009683461106
506,1.5825194660275796,0.051688177552156316,0.6027497547577038,1.0010020040080145,499,0.972172377578898,2.2601819186578
507,-89.71648770535077,0.05176797655517448,0.602147005002946,2.197795591182361,499,-0.7383456807770372,4.761197245837323
508,-2.0171071946705084,0.050117091292548994,0.6015448579979431,1.451302605210422,499,-1.4434388737982333,1.873659270332901
509,-27.87998699818898,0.05333810364066055,0.6009433131399452,0.9899371069182396,159,-0.565748769855535,2.1935744521917258
510,-16.896700567085123,0.05324351072919612,0.6003423698268052,1.0129251700680284,147,-4.8670737311121695,1.6997479927774606
511,-84.10344598752994,0.05093508204799855,0.5997420274569785,1.2478957915831688,499,-1.8939225989177273,3.6017249081399854
512,-31.231942083629043,0.05169922023290588,0.5991422854295215,2.0967741935483897,279,-1.8882290450232633,2.127785964331281
513,-5.5499624828351495,0.05446583241224289,0.598543143144092,0.536,25,-2.090420152342071,2.3900015710929523
514,-36.76266302457678,0.05256167752163935,0.5979446000009478,1.468953068592059,277,-0.02752459730575607,2.3366834059613097
515,-72.9258639283056,0.052244112866077726,0.5973466554009469,1.9360721442885767,499,-1.0265666834041713,3.7716442462632003
516,-72.39588182272963,0.05192462948033351,0.596749308745546,1.8713426853707407,499,-3.3584204484127085,3.40964006120074
517,-7.672361837515752,0.052843928661035454,0.5961525594368005,1.0108695652173914,46,-0.5931715140952778,2.856142302758272
518,-83.98551623525951,0.052061048312064165,0.5955564068773637,1.5979959919839632,499,-2.1546833021927263,3.639914104579681
519,-32.84450770847864,0.05188326909016055,0.5949608504704863,2.0623493975903586,332,2.3882016199775773,1.2745540193645795
520,-99.1448111525706,0.0532993795518168,0.5943658896200158,1.713426853707417,499,-2.7640560657091973,3.2946946889312585
521,-23.243817904266027,0.053683074541164166,0.5937715237303958,1.849696969696969,165,-1.7375256014099514,2.524222779157384
522,-57.64744109886073,0.0531791140080872,0.5931777522066654,1.7422845691382745,499,-0.7417783391699295,2.4005053220274917
523,83.24169639697888,0.054752094346380425,0.5925845744544587,1.4084168336673384,499,1.062249254412793,1.4527115989051822
524,-29.207503835515833,0.05517133415321221,0.5919919898800042,1.0954106280193232,414,2.7165013358143764,1.6356478267989658
525,-17.233051578026014,0.05327472267855032,0.5913999978901242,0.8970588235294121,102,-0.9128518202438434,2.5367692874356678
526,18.49395033925539,0.05489090433197061,0.590808597892234,1.4408719346049017,367,2.4948789361404375,1.4897007419140422
527,-80.6991653536027,0.05579121870722226,0.5902177892943418,2.3122244488977954,499,-1.4954739947328233,2.958799702583889
528,-1.9047248912011758,0.05635602534231213,0.5896275715050474,1.6150793650793633,378,0.9009176506296375,2.1428616339753006
529,-70.73928318627065,0.0567000164852842,0.5890379439335424,1.8847826086956536,460,2.4928700464101117,1.3012247691457262
530,-30.646614497103066,0.05519810962995783,0.5884489059896089,0.9940298507462673,201,0.15640962035631567,2.9437524972799594
531,-6.562118844733832,0.05745047070952349,0.5878604570836192,1.172093023255814,43,-2.9123386000018012,2.2475540440097745
532,-72.76416233987803,0.05571667060539694,0.5872725966265356,1.0751503006012044,499,-0.8102032005889312,3.177879386835734
533,-31.158585475116894,0.055434953802095385,0.5866853240299091,1.160521042084168,499,0.5403903222439239,1.81645043686202
534,-34.14074016766065,0.056624640696751535,0.5860986387058792,1.1636815920398007,201,-1.6831978527554652,2.582345849899781
535,38.29571801640879,0.056649056111421923,0.5855125400671733,1.283152173913041,368,2.35741229620585,0.6961966870590004
536,-66.48757096664617,0.056090069699562144,0.5849270275271061,0.8452905811623223,499,-0.41565054009595315,3.778680586604871
537,-7.800665453001514,0.059373667812906206,0.584342100499579,0.7833333333333335,48,-1.4790576440171432,2.3904237694860058
538,-60.25765948735322,0.05637903501819035,0.5837577583990794,2.4679358717434883,499,-1.5483401992189298,3.086454611414176
539,140.99481770254621,0.058064689396886165,0.5831740006406804,1.4569138276553115,499,-0.4252825247139125,1.2213335631091056
540,-41.15956069617162,0.056151976274257456,0.5825908266400397,1.3765432098765447,324,2.4890567030528086,1.2554026697049636
541,-81.01838445208624,0.05769449773660762,0.5820082358133997,2.0410821643286563,499,-0.5181607969342794,2.803401172779786
542,-54.69857386382866,0.05903748682287628,0.5814262275775862,1.24248496993988,499,-0.7586273138282147,2.47185146258132
543,-46.059053662040114,0.05838004989256883,0.5808448013500086,1.7573566084788061,401,2.710868047931203,1.742067566632258
544,-27.569205906045752,0.058491283420970853,0.5802639565486586,1.0941368078175908,307,2.3463013110173945,1.3202805945483576
545,-61.68759514000584,0.05909072786181389,0.57968369259211,1.3823647294589176,499,-0.5601455810602296,2.3117548234672114
546,-30.607138227651866,0.0620673107172268,0.5791040088995179,1.0884057971014505,138,0.09309214320679304,2.3755619308454783
547,-20.004218112313918,0.05815903568624431,0.5785249048906184,2.3495726495726474,117,-3.6504577884716327,2.3251191015297863
548,-11.768048041503892,0.06118676628057773,0.5779463799857277,1.1923076923076918,65,-2.729984651830625,2.0846962288212936
549,-81.00152301033152,0.05847832927095866,0.577368433605742,1.6867735470941878,499,-1.2236444196085725,3.1019109830943847
550,-3.5297158006734835,0.056103436121096216,0.5767910651721362,0.7791666666666667,24,-0.4465113411634185,2.754112437949715
551,-11.193772314055279,0.058703859797433804,0.576214274106964,1.6105263157894751,190,2.535961584440061,1.7468151154836136
552,-4.59065616099385,0.06011539206586101,0.5756380598328571,1.709848484848485,132,2.420890990658309,1.4008316284784925
553,-56.825448846230515,0.060402931593254,0.5750624217730242,1.720440881763526,499,0.2785322203593461,2.1727263128630128
554,-22.300103968064093,0.061275153993123985,0.5744873593512512,0.8439759036144567,166,0.4070049584001114,2.3342270903906623
555,93.99438943509409,0.05855685792758852,0.5739128719918999,1.2006012024048103,499,-0.0173314917948324,1.2093704023901708
556,115.61075430630574,0.06035134914836927,0.573338959119908,1.0162324649298606,499,0.6534604567943534,1.7250471803917407
557,-93.40001146186601,0.057793039063323955,0.572765620160788,1.019639278557116,499,-1.0447627560254107,4.089244015952772
558,81.85890909975096,0.06038117045182025,0.5721928545406272,0.9280561122244478,499,0.04963524338554359,1.686496084194232
559,-86.45588608012295,0.06099471427455455,0.5716206616860866,2.3865731462925814,499,-1.5603053246710785,3.261192927556273
560,-11.751588200583756,0.06542709866619628,0.5710490410244006,3.05072463768116,69,-2.9963499155895215,2.520713229391241
561,24.17312750362271,0.06261354040758438,0.5704779919833761,1.562650602409638,166,2.157516218310342,0.517820392824234
562,-76.40421084686164,0.06213149332062515,0.5699075139913927,1.1773547094188375,499,-0.6142367033497491,3.060212347720949
563,5.686255866441405,0.06144996770554119,0.5693376064774013,1.5844444444444432,225,2.1643098153382634,0.530674650551596
564,-31.429674969587154,0.061597227250907834,0.5687682688709239,1.1374015748031492,254,2.560658137037476,1.5902036063062752
565,102.39642989404567,0.06349185122209683,0.5681995006020529,1.4609649122807022,456,-0.34034419942048144,1.0941296920485826
566,-14.043661248309736,0.06272494225866265,0.5676313011014509,1.4911111111111128,225,2.469591320021756,1.3341918024617243
567,-20.27798634404943,0.06164577603340149,0.5670636698003494,0.8982035928143712,167,2.7681782428550084,1.9268320056270127
568,-43.603956485633695,0.06598552897953847,0.5664966061305491,1.4937007874015729,254,-4.186687789215958,4.617378936198456
569,6.4707938991766945,0.06316428323753359,0.5659301095244186,1.512804878048781,164,0.6934713589561103,1.4175917735506829
570,-71.60170309151339,0.06238782477522183,0.5653641794148941,1.3901803607214445,499,-2.0285795125867128,3.4475444175667747
571,-8.691119589175171,0.06169009763333533,0.5647988152354793,1.7444444444444447,45,-3.763234854261234,2.0274837437208078
572,-53.16273564232462,0.06351199577008289,0.5642340164202437,2.44846625766871,326,-1.8758726516075974,2.5651323955413474
573,21.7426387005984,0.06128774375416512,0.5636697824038235,1.7552325581395372,172,1.4874098289175572,1.4178231930347494
574,-38.30399249337103,0.06297641561994718,0.5631061126214196,2.7195348837209283,215,-3.9932863479427536,2.406865926075824
575,-50.14339426138688,0.0641204114062693,0.5625430065087982,1.3366733466933878,499,-2.1940876730746792,2.754291502687451
576,-20.41375352165635,0.06728260993887561,0.5619804635022894,1.2957746478873213,213,-0.2574198205720215,1.952621476954981
577,-81.5953348990633,0.06362901266686663,0.561418483038787,1.6897795591182312,499,-0.45638299889853684,3.0375300594083257
578,-32.92916384553913,0.06568590014779228,0.5608570645557482,2.117073170731705,246,-3.569075564126926,2.2062148412367577
579,-25.306446995935023,0.06437442009750555,0.5602962074911925,1.6988165680473364,169,-2.266256060505912,2.383241830133315
580,-15.040111320834725,0.06438061130046845,0.5597359112837013,2.574400000000001,125,-1.170432904823734,2.778260170752695
581,-22.192313776737773,0.06771131664995224,0.5591761753724176,2.120967741935483,124,-3.8680944673054145,2.3248299570430575
582,-13.175114815250506,0.06457138759175499,0.5586169991970452,1.9967935871743463,499,0.0040777557894542404,1.988127126382409
583,-7.061124396803909,0.0686019795333467,0.5580583821978482,1.2097560975609758,41,4.333699785352881,2.8582885414587693
584,-14.725474236425324,0.06539061878119475,0.5575003238156504,1.8907608695652138,368,2.4469545031025826,0.383569323709132
585,54.13664177695431,0.06602214847710759,0.5569428234918348,1.4492187500000018,384,0.2934584196925871,1.4176091391154344
586,-0.4730965952845628,0.06644385061665384,0.5563858806683429,1.4358717434869739,499,1.5672001645465703,2.2279771425326658
587,-8.812904902376449,0.06449331729332121,0.5558294947876746,1.3902439024390247,41,-3.708575800276332,2.1300520958614655
588,-53.33882111047257,0.06650822001970363,0.5552736652928869,2.3991983967935924,499,-0.3410878467599554,2.081990516785666
589,-13.558596662804153,0.06584513680615896,0.5547183916275941,1.6713615023474189,213,2.2087097202915826,0.9891134977004157
590,-32.78557214814719,0.06632012615983303,0.5541636732359665,3.158153846153845,325,-1.974091151753012,1.67498184239534
591,-2.684235945753611,0.0727667186079146,0.5536095095627305,1.773417721518988,158,2.2718864321477636,0.9151738718306817
592,-8.868999388793448,0.06973946692292081,0.5530559000531677,2.4395348837209307,43,-5.388567561980292,2.1831516189864573
593,-24.353478034096803,0.06878551499297221,0.5525028441531146,2.54022988505747,174,-3.8752128468433016,2.175976510765345
594,14.951958451691711,0.06757930551612663,0.5519503413089615,1.3769539078156372,499,0.0551883394599475,1.6530646525726382
595,235.92887678956487,0.06596218259680367,0.5513983909676525,1.2344689378757565,499,-0.4401893750412609,1.2444339718325708
596,-70.01941799634542,0.06795117117554128,0.5508469925766849,3.020440881763528,499,-1.6167714703400256,3.776498178751993
597,-87.03461757517054,0.0676046629400853,0.5502961455841082,2.3847695390781545,499,-0.6688004802227012,3.1523417297348217
598,-13.610245039424186,0.06469636444786661,0.5497458494385241,1.0947368421052632,76,-3.1351275541131978,2.081630204195605
599,-37.02849074174971,0.06660492197713919,0.5491961035890855,1.499444444444444,180,-2.47719335296915,2.852145054032917
600,-41.781981139694174,0.06774957048356849,0.5486469074854965,1.7880952380952384,378,-1.9491376871447077,2.474184122337718
601,364.64591924288885,0.0683954003750382,0.548098260578011,0.9108216432865706,499,-0.029201742016455423,0.6676439494579398
602,-81.79659098362163,0.06888415000003899,0.547550162317433,2.0567134268537077,499,-3.978719805621171,3.632999615108936
603,-45.721277535147976,0.06825601803570591,0.5470026121551156,3.7649006622516645,302,-4.008543549840969,3.4570868868265663
604,43.38523200434721,0.0699591390333159,0.5464556095429605,1.3685370741482998,499,-0.57961716259044,1.6766000707669377
605,33.11439032636032,0.06876506383917136,0.5459091539334175,1.964529058116232,499,0.6505507505274792,1.5751783695917325
606,-31.297906889731554,0.072896482171603,0.5453632447794842,2.0814457831325304,415,1.4543622236555191,1.8228485101261427
607,-24.49286055893009,0.07005844858743376,0.5448178815347047,1.8372881355932196,118,-3.3640796243699524,2.8793399345190522
608,-15.780692624184086,0.06887421954262962,0.54427306365317,1.3930107526881716,186,2.527332314745375,1.039355110752993
609,-22.16080173547654,0.0716989551978209,0.5437287905895168,1.6114143920595547,403,0.17976924558902097,1.4755169620535682
610,-25.022856467069307,0.07139623191181596,0.5431850617989273,0.3797202797202794,143,0.6806452779076158,2.5472072206225533
611,-27.932866480887945,0.07371331078724729,0.5426418767371284,2.0994444444444422,180,-0.6059790617859186,2.936843746679102
612,-63.31154686464318,0.07039545823956181,0.5420992348603912,2.2038076152304633,499,-2.075166007628583,4.403331426522762
613,-12.573140699998783,0.0720049251702804,0.5415571356255309,2.2349514563106783,206,1.2221190037745595,1.4163340127795436
614,9.646899372010925,0.07234754901237501,0.5410155784899053,2.15551102204409,499,1.4472801428148738,1.9767966686623382
615,-16.275247080213457,0.07427245403593737,0.5404745629114154,1.1078014184397156,141,-3.7236145669312775,1.762855454832355
616,-10.272716411920605,0.06862829297619022,0.539934088348504,1.4467391304347832,92,-5.832271606463445,1.7636833513061418
617,-45.7096573786666,0.0716871150017143,0.5393941542601555,1.8703406813627268,499,-1.4665993970024225,2.6007594542965293
618,-31.538077240394536,0.07406397466967722,0.5388547601058953,2.6098196392785584,499,2.122990729049373,1.6723079856156176
619,-51.663142859482804,0.07285953482952648,0.5383159053457894,2.355911823647298,499,0.9906769357371594,1.6926468003515112
620,90.04654197230896,0.07019195800675505,0.5377775894404436,1.8822335025380792,394,-0.01246319187597722,1.4166890355229924
621,81.88723400999999,0.07494134245765113,0.5372398118510032,1.6731462925851683,499,0.23839228643695964,1.2046137799069854
622,-8.387898053146223,0.0727436474149989,0.5367025720391522,1.6628865979381455,194,2.2484270353210665,0.9384090612530969
623,-36.350486817764754,0.07560882562834896,0.536165869467113,1.566933867735474,499,0.728254458724531,1.6288383615392519
624,103.48730595741077,0.07530041018459864,0.5356297035976458,1.3020040080160291,499,-0.4654324336389104,1.3643441788469843
625,11.904610353825863,0.07534052178502561,0.5350940738940482,1.7795591182364696,499,0.41333494295238715,1.7070453991390693
626,-22.59492915680781,0.07364878450334073,0.5345589798201541,1.7855999999999987,250,0.9191616736761832,2.0154484395539924
627,139.78110444706368,0.07642418672825267,0.534024420840334,1.3390781563126302,499,-0.3085773972669501,1.2076077246952863
628,-45.89872023024533,0.07688335610743993,0.5334903964194936,1.7224448897795588,499,0.5103824918663875,2.4413572718283163
629,55.650356999023415,0.07858208745703071,0.5329569060230741,1.5414829659318627,499,0.005147123632120554,1.2832733624770327
630,-35.83571380924948,0.0783054115931074,0.532423949117051,2.0958083832335315,167,-2.4984954725803945,2.60365035343154
631,-63.354554873923,0.07998613726519392,0.531891525167934,3.835070140280581,499,1.0846109541287414,1.800683451830956
632,-5.889411550093683,0.07822330918555197,0.5313596336427661,4.372368421052629,76,-4.609989137145027,2.290181495622001
633,-62.64691335850822,0.07737876161679118,0.5308282740091232,2.2697394789579177,499,-1.1370634234578456,3.4775806939976306
634,60.77150259626925,0.08120497702835557,0.5302974457351142,1.6118236472945906,499,0.1742170435754038,1.459395706287431
635,82.1400657556432,0.080790394883176,0.5297671482893791,1.2255208333333338,384,0.4694543728207359,1.4168154713401009
636,-44.868633520550134,0.07863609028039592,0.5292373811410898,1.8423267326732677,404,2.277641229422384,1.1009740469599265
637,-22.594527422834066,0.08292909818234054,0.5287081437599487,2.2394052044609665,269,1.3101608549930437,1.9637316012378676
638,229.26199741705346,0.08101365156845004,0.5281794356161887,0.947294589178354,499,0.05042195290592977,1.2832378345755941
639,-42.98097770010431,0.08158403970226497,0.5276512561805725,2.166933867735471,499,1.9107622484595508,1.1703153446738241
640,163.24475473121763,0.08057721952099599,0.5271236049243919,1.325651302605213,499,0.8656463234414371,1.4857528567091407
641,-11.63293106362909,0.08321926004826306,0.5265964813194676,2.2074148296593177,499,1.439133938476349,1.3903781515931257
642,158.39840264402895,0.08420943076869768,0.5260698848381481,1.3124248496994007,499,-0.08200377197345698,0.7362560922786798
643,9.154884548744148,0.08216703240433054,0.5255438149533099,1.6601202404809619,499,0.6724326854823017,2.1560108647963787
644,125.30000405925014,0.0832200149558995,0.5250182711383566,2.0115068493150696,365,0.45215843420695156,1.4178929287857471
645,-23.39527335179529,0.08527102803138538,0.5244932528672183,1.9586387434554957,191,2.6244126274296313,1.7023938917841477
646,-9.522944090447172,0.09070108631906444,0.5239687596143511,0.5630136986301374,73,-1.5929500373621082,2.2666726448940366
647,-18.94700175578236,0.08268297332525253,0.5234447908547367,4.507200000000001,125,-7.151741247771113,1.6107994906267749
648,15.694727510949942,0.08410576945097428,0.522921346063882,1.4413385826771652,254,0.646460394681307,1.6144392791355173
649,91.78117587168964,0.08591357164667221,0.522398424717818,1.9503006012024076,499,-0.37823865203215945,1.4874063215382662
650,-22.5234495651496,0.0874499233988978,0.5218760262931003,2.0309352517985597,139,-3.814564597209616,2.12181497223699
651,38.56029762900168,0.08860191851854324,0.5213541502668072,2.2031818181818155,220,-0.06307199435868904,1.0064198958082926
652,52.81799420636008,0.08645260927685126,0.5208327961165404,1.1230452674897102,486,0.17915187968139046,1.9208672227820074
653,-7.496880402272426,0.08390850436331054,0.5203119633204238,1.9585241730279896,393,2.537810397021801,1.6779524557409573
654,-10.530832027382477,0.08687372118033268,0.5197916513571034,2.9905405405405396,74,-4.440634938212167,2.0176034623701185
655,20.2613459109835,0.08807782185019798,0.5192718597057463,1.674757281553398,206,2.2346462666054188,0.9160123706306749
656,154.52302694115184,0.08840456972260752,0.5187525878460405,1.7080160320641335,499,-0.12615871002133128,1.4257302589720453
657,28.890719252949523,0.08748287504186501,0.5182338352581944,1.6018918918918923,370,2.453598898909716,1.218898135344972
658,12.524693291940855,0.0913250041128674,0.5177156014229363,2.2862676056338,284,1.2038422039882075,1.41736229809068
659,-13.256364361451034,0.09302290534259568,0.5171978858215134,1.0478873239436621,71,1.3258214804550423,2.740449034543829
660,-44.020432919609064,0.09242368756769176,0.5166806879356919,2.818236472945891,499,1.486274795211933,2.1077982530383395
661,210.51907176600866,0.09174353909307348,0.5161640072477562,1.2066132264529092,499,1.1701738652886888,1.0719656248265466
662,114.54325179563793,0.08979240998267411,0.5156478432405085,1.242685370741485,499,1.101146035970336,1.6054723177438035
663,6.99980912973378,0.0905725452652637,0.515132195397268,1.4146572104018917,423,2.5085785246834122,1.4523265310272393
664,154.5044777819936,0.09391307814013146,0.5146170632018707,1.1274549098196367,499,-0.41242834101298653,1.3102423699715473
665,-42.27163512917717,0.09034203545363967,0.5141024461386688,2.462925851703405,499,1.2671461995900604,1.8821400336118757
666,122.09688649605697,0.09321282063236182,0.5135883436925301,1.812413793103452,435,2.1598383762766424,0.5612671504338493
667,-5.0341043505354595,0.08959092545722212,0.5130747553488376,1.092857142857143,28,-3.8890066482572543,2.076470811492328
668,-11.836648783273032,0.089767014560027,0.5125616805934888,2.6371794871794876,78,-4.932871232415984,2.2412175504455405
669,199.1386394709998,0.09457972084721887,0.5120491189128954,0.911445783132527,498,0.26186877205379444,1.0893078105012677
670,-81.54025120850764,0.09102973642055401,0.5115370697939825,3.7208416833667424,499,-6.022933130949214,3.6676045670976336
671,21.23668367091783,0.08947334438562393,0.5110255327241885,1.5447236180904533,199,1.2485678955796624,1.4174175427747997
672,-32.79057636825621,0.09523850360833039,0.5105145071914643,3.7948598130841114,214,-2.92089341213315,2.8966297798336242
673,4.1224883408210715,0.09357882069170843,0.5100039926842729,3.5006172839506147,162,0.18837926033080743,1.4173136502864736
674,-9.878132810151076,0.09440497016987286,0.5094939886915886,0.44054054054054015,74,0.21496509955420962,2.5519821877963125
675,159.17376534222197,0.09556049466103256,0.508984494702897,1.4957915831663378,499,-0.031587811228969365,1.6332804905713871
676,-21.843548641845118,0.09418892193246972,0.508475510208194,2.1254545454545446,110,-6.117819858241058,2.071367640295648
677,-61.80926433287011,0.09432379558742165,0.5079670346979859,3.9827655310621353,499,-5.459594436365649,4.1812347083280486
678,-20.481751210199374,0.09730086081514233,0.5074590676632879,1.772105263157893,190,3.3064729808191413,2.104719014486868
679,33.64539824267587,0.0940380296026,0.5069516085956246,1.9721442885771572,499,-1.0692029949474215,1.965849804581488
680,-0.7761537980807257,0.09771236561630901,0.506444656987029,3.034096109839822,437,1.3457599458223934,1.4176213558354789
681,-15.664871272180067,0.09278042720009884,0.505938212330042,1.8591666666666669,120,-5.818699678605702,2.2972545059466327
682,51.08888343853241,0.09856171457780068,0.505432274117712,2.029551451187342,379,-0.010870510775118802,1.4177772413410068
683,-14.470417686669142,0.09486395038098475,0.5049268418435943,2.413924050632911,79,-5.813180279775159,2.026388173939118
684,-41.194799954981875,0.09598913150494227,0.5044219150017507,2.9873747494989993,499,-0.10671880372888998,1.98727892249903
685,33.799971829182454,0.1003534727858637,0.5039174930867489,2.130861723446897,499,0.2502414081561666,1.42235181661367
686,-7.0678681090648565,0.09719241110067214,0.5034135755936622,0.7602150537634406,93,-3.0337780828192704,1.8251870513951332
687,-42.37040366842657,0.09676933298688128,0.5029101620180685,2.3841628959276,221,-4.221803407316894,2.497663729659152
688,-17.278344290038262,0.0982232195112789,0.5024072518560504,1.7921052631578946,114,-2.784935934722111,2.465847870857317
689,309.82949111865065,0.09792530481406825,0.5019048446041944,1.2130260521042058,499,0.519264946359594,0.4022763889449763
690,5.736090077747292,0.09893660406526338,0.5014029397595902,2.0931623931623933,117,2.4724175631481544,1.3642098497212984
691,54.342313858267936,0.09866449374981777,0.5009015368198305,2.1014028056112246,499,-2.155738750285304,1.296655181099716
692,-42.697935847876224,0.1029077037871874,0.5004006352830107,2.0956810631229263,301,-0.5524274759942216,2.6895479317508304
693,-15.773571163351331,0.09646398941986263,0.4999002346477277,1.86875,80,-4.546947985635634,2.0320870133253592
